city,fax
United Kingdom,442071888411
United Kingdom,4420703464689
United Kingdom,441173428628
United Kingdom,442071888406
United Kingdom,02032992632
United Kingdom,4402035941858
United Kingdom,411344864111
United Kingdom,441283494341
United Kingdom,4402087446773
United Kingdom,441473703720
United Kingdom,442087429335
United Kingdom,442077940645
United Kingdom,442086429634
United Kingdom,442072848331
United Kingdom,442073809571
United Kingdom,441315371172
United Kingdom,442078298640
United Kingdom,441413017142
United Kingdom,441132065184
United Kingdom,441865235260
United Kingdom,442076167622
United Kingdom,442890263870
United Kingdom,441912825932
United Kingdom,441217667530
United Kingdom,4402920745442
United Kingdom,441224840714
United Kingdom,441216978401
United Kingdom,441603286918
United Kingdom,441782555286
United Kingdom,448454222558
United Kingdom,441384244248
United Kingdom,442086059103
United Kingdom,441202448659
United Kingdom,441517065810
United Kingdom,441617018410
United Kingdom,442087252859
United Kingdom,44223274669
United Kingdom,4401392402928
United Kingdom,441443622176
United Kingdom,4401612764814
United Kingdom,441793604292
United Kingdom,01225824730
United Kingdom,02381204313
United Kingdom,441412019303
United Kingdom,441162585699
United Kingdom,441159627742
United Kingdom,441382645731
United Kingdom,441248384505
United Kingdom,441722333933
United Kingdom,442073464689
United Kingdom,441202300248
United Kingdom,00448823891
United Kingdom,4401512525676
United Kingdom,441142713997
United Kingdom,441614463300
United Kingdom,441213338678
United Kingdom,442089572970
United Kingdom,441752792400
United Kingdom,441253306776
United Kingdom,4402033126341
